cnt,temp,hum,windspeed,weathersit,yr,mnth,holiday,weekday,workingday
985,0.344167,0.805833,0.160446,2,0,1,0,6,0
801,0.363478,0.696087,0.248539,2,0,1,0,0,0
1349,0.196364,0.437273,0.248309,1,0,1,0,1,1
1562,0.2,0.590435,0.160296,1,0,1,0,2,1
1600,0.226957,0.436957,0.1869,1,0,1,0,3,1
1606,0.204348,0.518261,0.0895652,1,0,1,0,4,1
1510,0.196522,0.498696,0.168726,2,0,1,0,5,1
959,0.165,0.535833,0.266804,2,0,1,0,6,0
822,0.138333,0.434167,0.36195,1,0,1,0,0,0
1321,0.150833,0.482917,0.223267,1,0,1,0,1,1
1263,0.169091,0.686364,0.122132,2,0,1,0,2,1
1162,0.172727,0.599545,0.304627,1,0,1,0,3,1
1406,0.165,0.470417,0.301,1,0,1,0,4,1
1421,0.16087,0.537826,0.126548,1,0,1,0,5,1
1248,0.233333,0.49875,0.157963,2,0,1,0,6,0
1204,0.231667,0.48375,0.188433,1,0,1,0,0,0
1000,0.175833,0.5375,0.194017,2,0,1,1,1,0
683,0.216667,0.861667,0.146775,2,0,1,0,2,1
1650,0.292174,0.741739,0.208317,2,0,1,0,3,1
1927,0.261667,0.538333,0.195904,2,0,1,0,4,1
1543,0.1775,0.457083,0.353242,1,0,1,0,5,1
981,0.0591304,0.4,0.17197,1,0,1,0,6,0
986,0.0965217,0.436522,0.2466,1,0,1,0,0,0
1416,0.0973913,0.491739,0.15833,1,0,1,0,1,1
1985,0.223478,0.616957,0.129796,2,0,1,0,2,1
506,0.2175,0.8625,0.29385,3,0,1,0,3,1
431,0.195,0.6875,0.113837,1,0,1,0,4,1
1167,0.203478,0.793043,0.1233,2,0,1,0,5,1
1098,0.196522,0.651739,0.145365,1,0,1,0,6,0
1096,0.216522,0.722174,0.0739826,1,0,1,0,0,0
1501,0.180833,0.60375,0.187192,2,0,1,0,1,1
1360,0.192174,0.829565,0.053213,2,0,2,0,2,1
1526,0.26,0.775417,0.264308,2,0,2,0,3,1
1550,0.186957,0.437826,0.277752,1,0,2,0,4,1
1708,0.211304,0.585217,0.127839,2,0,2,0,5,1
1005,0.233333,0.929167,0.161079,2,0,2,0,6,0
1623,0.285833,0.568333,0.1418,1,0,2,0,0,0
1712,0.271667,0.738333,0.0454083,1,0,2,0,1,1
1530,0.220833,0.537917,0.36195,1,0,2,0,2,1
1605,0.134783,0.494783,0.188839,2,0,2,0,3,1
1538,0.144348,0.437391,0.221935,1,0,2,0,4,1
1746,0.189091,0.506364,0.10855,1,0,2,0,5,1
1472,0.2225,0.544167,0.203367,1,0,2,0,6,0
1589,0.316522,0.457391,0.260883,1,0,2,0,0,0
1913,0.415,0.375833,0.417908,1,0,2,0,1,1
1815,0.266087,0.314348,0.291374,1,0,2,0,2,1
2115,0.318261,0.423478,0.251791,1,0,2,0,3,1
2475,0.435833,0.505,0.230104,1,0,2,0,4,1
2927,0.521667,0.516667,0.264925,1,0,2,0,5,1
1635,0.399167,0.187917,0.507463,1,0,2,0,6,0
1812,0.285217,0.407826,0.223235,1,0,2,0,0,0
1107,0.303333,0.605,0.307846,2,0,2,1,1,0
1450,0.182222,0.577778,0.195683,1,0,2,0,2,1
1917,0.221739,0.423043,0.094113,1,0,2,0,3,1
1807,0.295652,0.697391,0.250496,2,0,2,0,4,1
1461,0.364348,0.712174,0.346539,2,0,2,0,5,1
1969,0.2825,0.537917,0.186571,1,0,2,0,6,0
2402,0.343478,0.68,0.125248,1,0,2,0,0,0
1446,0.407273,0.876364,0.289686,2,0,2,0,1,1
1851,0.266667,0.535,0.216425,1,0,3,0,2,1
2134,0.335,0.449583,0.307833,1,0,3,0,3,1
1685,0.198333,0.318333,0.225754,1,0,3,0,4,1
1944,0.261667,0.610417,0.203346,2,0,3,0,5,1
2077,0.384167,0.789167,0.251871,2,0,3,0,6,0
605,0.376522,0.948261,0.343287,2,0,3,0,0,0
1872,0.261739,0.551304,0.341352,1,0,3,0,1,1
2133,0.2925,0.420833,0.12065,1,0,3,0,2,1
1891,0.295833,0.775417,0.22015,2,0,3,0,3,1
623,0.389091,0.0,0.261877,3,0,3,0,4,1
1977,0.316522,0.649565,0.23297,2,0,3,0,5,1
2132,0.329167,0.594583,0.220775,1,0,3,0,6,0
2417,0.384348,0.527391,0.270604,1,0,3,0,0,0
2046,0.325217,0.496957,0.136926,1,0,3,0,1,1
2056,0.317391,0.655652,0.184309,2,0,3,0,2,1
2192,0.365217,0.776522,0.203117,2,0,3,0,3,1
2744,0.415,0.602917,0.209579,1,0,3,0,4,1
3239,0.54,0.525217,0.231017,1,0,3,0,5,1
3117,0.4725,0.379167,0.368167,1,0,3,0,6,0
2471,0.3325,0.47375,0.207721,1,0,3,0,0,0
2077,0.430435,0.737391,0.288783,2,0,3,0,1,1
2703,0.441667,0.624583,0.22575,1,0,3,0,2,1
2121,0.346957,0.839565,0.234261,2,0,3,0,3,1
1865,0.285,0.805833,0.243787,2,0,3,0,4,1
2210,0.264167,0.495,0.230725,1,0,3,0,5,1
2496,0.265833,0.394167,0.209571,1,0,3,0,6,0
1693,0.253043,0.493913,0.1843,2,0,3,0,0,0
2028,0.264348,0.302174,0.212204,1,0,3,0,1,1
2425,0.3025,0.314167,0.226996,1,0,3,0,2,1
1536,0.3,0.646667,0.172888,2,0,3,0,3,1
1685,0.268333,0.918333,0.217646,3,0,3,0,4,1
2227,0.3,0.68625,0.258708,2,0,4,0,5,1
2252,0.315,0.65375,0.197146,2,0,4,0,6,0
3249,0.378333,0.48,0.182213,1,0,4,0,0,0
3115,0.573333,0.42625,0.385571,1,0,4,0,1,1
1795,0.414167,0.642083,0.388067,2,0,4,0,2,1
2808,0.390833,0.470833,0.263063,1,0,4,0,3,1
3141,0.4375,0.602917,0.162312,1,0,4,0,4,1
1471,0.335833,0.83625,0.226992,2,0,4,0,5,1
2455,0.3425,0.8775,0.133083,2,0,4,0,6,0
2895,0.426667,0.8575,0.146767,2,0,4,0,0,0
3348,0.595652,0.716956,0.324474,2,0,4,0,1,1
2034,0.5025,0.739167,0.274879,2,0,4,0,2,1
2162,0.4125,0.819167,0.250617,2,0,4,0,3,1
3267,0.4675,0.540417,0.1107,1,0,4,0,4,1
3126,0.446667,0.67125,0.226375,1,0,4,1,5,0
795,0.430833,0.888333,0.340808,3,0,4,0,6,0
3744,0.456667,0.479583,0.303496,1,0,4,0,0,0
3429,0.5125,0.5425,0.163567,1,0,4,0,1,1
3204,0.505833,0.665833,0.157971,2,0,4,0,2,1
3944,0.595,0.614167,0.241925,1,0,4,0,3,1
4189,0.459167,0.407083,0.325258,1,0,4,0,4,1
1683,0.336667,0.729583,0.219521,2,0,4,0,5,1
4036,0.46,0.887917,0.230725,2,0,4,0,6,0
4191,0.581667,0.810833,0.192175,2,0,4,0,0,0
4073,0.606667,0.776667,0.185333,1,0,4,0,1,1
4400,0.631667,0.729167,0.3265,1,0,4,0,2,1
3872,0.62,0.835417,0.3122,2,0,4,0,3,1
4058,0.6175,0.700833,0.320908,2,0,4,0,4,1
4595,0.51,0.457083,0.240063,1,0,4,0,5,1
5312,0.4725,0.503333,0.235075,1,0,4,0,6,0
3351,0.451667,0.762083,0.106354,2,0,5,0,0,0
4401,0.549167,0.73,0.183454,2,0,5,0,1,1
4451,0.616667,0.697083,0.342667,2,0,5,0,2,1
2633,0.414167,0.737083,0.328996,2,0,5,0,3,1
4433,0.459167,0.444167,0.295392,1,0,5,0,4,1
4608,0.479167,0.59,0.228246,1,0,5,0,5,1
4714,0.52,0.54125,0.16045,1,0,5,0,6,0
4333,0.528333,0.631667,0.0746375,1,0,5,0,0,0
4362,0.5325,0.58875,0.176,1,0,5,0,1,1
4803,0.5325,0.489167,0.115671,1,0,5,0,2,1
4182,0.5425,0.632917,0.120642,1,0,5,0,3,1
4864,0.535,0.7475,0.189667,1,0,5,0,4,1
4105,0.5125,0.863333,0.179725,2,0,5,0,5,1
3409,0.520833,0.9225,0.13495,2,0,5,0,6,0
4553,0.5625,0.867083,0.152979,2,0,5,0,0,0
3958,0.5775,0.787917,0.126871,1,0,5,0,1,1
4123,0.561667,0.837917,0.277354,2,0,5,0,2,1
3855,0.55,0.87,0.201492,2,0,5,0,3,1
4575,0.530833,0.829583,0.108213,2,0,5,0,4,1
4917,0.536667,0.719583,0.125013,1,0,5,0,5,1
5805,0.6025,0.626667,0.12065,1,0,5,0,6,0
4660,0.604167,0.749583,0.148008,1,0,5,0,0,0
4274,0.631667,0.81,0.233842,2,0,5,0,1,1
4492,0.66,0.740833,0.207092,2,0,5,0,2,1
4978,0.660833,0.69625,0.154233,1,0,5,0,3,1
4677,0.708333,0.6775,0.199642,1,0,5,0,4,1
4679,0.681667,0.65375,0.240679,1,0,5,0,5,1
4758,0.655833,0.729583,0.230092,1,0,5,0,6,0
4788,0.6675,0.81875,0.213938,1,0,5,0,0,0
4098,0.733333,0.685,0.131225,1,0,5,1,1,0
3982,0.775,0.636667,0.111329,1,0,5,0,2,1
3974,0.764167,0.677083,0.207092,2,0,6,0,3,1
4968,0.715,0.305,0.292287,1,0,6,0,4,1
5312,0.62,0.354167,0.253121,1,0,6,0,5,1
5342,0.635,0.45625,0.123142,1,0,6,0,6,0
4906,0.648333,0.6525,0.138692,2,0,6,0,0,0
4548,0.678333,0.6,0.121896,1,0,6,0,1,1
4833,0.7075,0.597917,0.187808,1,0,6,0,2,1
4401,0.775833,0.622083,0.136817,1,0,6,0,3,1
3915,0.808333,0.568333,0.149883,2,0,6,0,4,1
4586,0.755,0.605,0.140554,1,0,6,0,5,1
4966,0.725,0.654583,0.15485,1,0,6,0,6,0
4460,0.6925,0.747917,0.163567,1,0,6,0,0,0
5020,0.635,0.494583,0.30535,1,0,6,0,1,1
4891,0.604167,0.507083,0.269283,1,0,6,0,2,1
5180,0.626667,0.471667,0.167912,1,0,6,0,3,1
3767,0.628333,0.688333,0.206471,2,0,6,0,4,1
4844,0.649167,0.735833,0.143029,1,0,6,0,5,1
5119,0.696667,0.670417,0.119408,1,0,6,0,6,0
4744,0.699167,0.666667,0.102,2,0,6,0,0,0
4010,0.635,0.74625,0.155475,2,0,6,0,1,1
4835,0.680833,0.770417,0.171025,2,0,6,0,2,1
4507,0.733333,0.7075,0.172262,1,0,6,0,3,1
4790,0.728333,0.703333,0.238804,2,0,6,0,4,1
4991,0.724167,0.573333,0.222025,1,0,6,0,5,1
5202,0.695,0.483333,0.209571,1,0,6,0,6,0
5305,0.68,0.513333,0.0945333,1,0,6,0,0,0
4708,0.6825,0.658333,0.107588,2,0,6,0,1,1
4648,0.744167,0.634167,0.144283,1,0,6,0,2,1
5225,0.728333,0.497917,0.261821,1,0,6,0,3,1
5515,0.696667,0.434167,0.185312,1,0,6,0,4,1
5362,0.7225,0.39625,0.102608,1,0,7,0,5,1
5119,0.738333,0.444583,0.115062,1,0,7,0,6,0
4649,0.716667,0.6825,0.228858,2,0,7,0,0,0
6043,0.726667,0.637917,0.0814792,2,0,7,1,1,0
4665,0.746667,0.590417,0.126258,1,0,7,0,2,1
4629,0.72,0.743333,0.149883,1,0,7,0,3,1
4592,0.75,0.65125,0.1592,1,0,7,0,4,1
4040,0.709167,0.757917,0.225129,2,0,7,0,5,1
5336,0.733333,0.609167,0.167912,1,0,7,0,6,0
4881,0.7475,0.578333,0.183471,1,0,7,0,0,0
4086,0.7625,0.635833,0.282337,1,0,7,0,1,1
4258,0.794167,0.559167,0.200254,1,0,7,0,2,1
4342,0.746667,0.631667,0.146133,1,0,7,0,3,1
5084,0.680833,0.47625,0.240667,1,0,7,0,4,1
5538,0.663333,0.59125,0.182833,1,0,7,0,5,1
5923,0.686667,0.585,0.208342,1,0,7,0,6,0
5302,0.719167,0.604167,0.245033,1,0,7,0,0,0
4458,0.746667,0.65125,0.215804,1,0,7,0,1,1
4541,0.776667,0.650417,0.1306,1,0,7,0,2,1
4332,0.768333,0.707083,0.113817,1,0,7,0,3,1
3784,0.815,0.69125,0.222021,2,0,7,0,4,1
3387,0.848333,0.580417,0.1331,1,0,7,0,5,1
3285,0.849167,0.5,0.131221,1,0,7,0,6,0
3606,0.83,0.550833,0.169171,1,0,7,0,0,0
3840,0.743333,0.757083,0.0908083,1,0,7,0,1,1
4590,0.771667,0.540833,0.200258,1,0,7,0,2,1
4656,0.775,0.402917,0.183463,1,0,7,0,3,1
4390,0.779167,0.583333,0.178479,1,0,7,0,4,1
3846,0.838333,0.5425,0.174138,1,0,7,0,5,1
4475,0.804167,0.465833,0.168537,1,0,7,0,6,0
4302,0.805833,0.480833,0.164813,1,0,7,0,0,0
4266,0.771667,0.550833,0.156717,1,0,8,0,1,1
4845,0.783333,0.49125,0.20585,1,0,8,0,2,1
3574,0.731667,0.6575,0.135583,2,0,8,0,3,1
4576,0.71,0.7575,0.19715,2,0,8,0,4,1
4866,0.710833,0.630833,0.184696,1,0,8,0,5,1
4294,0.716667,0.755,0.22825,2,0,8,0,6,0
3785,0.7425,0.752917,0.201487,1,0,8,0,0,0
4326,0.765,0.592083,0.192175,1,0,8,0,1,1
4602,0.775,0.570417,0.151121,1,0,8,0,2,1
4780,0.766667,0.424167,0.200258,1,0,8,0,3,1
4792,0.7175,0.42375,0.164796,1,0,8,0,4,1
4905,0.708333,0.415,0.125621,1,0,8,0,5,1
4150,0.685833,0.729583,0.211454,2,0,8,0,6,0
3820,0.676667,0.8175,0.222633,2,0,8,0,0,0
4338,0.665833,0.712083,0.208954,1,0,8,0,1,1
4725,0.700833,0.578333,0.236329,1,0,8,0,2,1
4694,0.723333,0.575417,0.143667,1,0,8,0,3,1
3805,0.711667,0.654583,0.233208,1,0,8,0,4,1
4153,0.685,0.722917,0.139308,2,0,8,0,5,1
5191,0.6975,0.674167,0.104467,1,0,8,0,6,0
3873,0.710833,0.77,0.248754,1,0,8,0,0,0
4758,0.691667,0.47,0.27675,1,0,8,0,1,1
5895,0.640833,0.455417,0.146763,1,0,8,0,2,1
5130,0.673333,0.605,0.253108,1,0,8,0,3,1
3542,0.684167,0.771667,0.210833,2,0,8,0,4,1
4661,0.7,0.76125,0.0839625,1,0,8,0,5,1
1115,0.68,0.85,0.375617,2,0,8,0,6,0
4334,0.707059,0.561765,0.304659,1,0,8,0,0,0
4634,0.636667,0.554583,0.159825,1,0,8,0,1,1
5204,0.639167,0.548333,0.125008,1,0,8,0,2,1
5058,0.656667,0.597917,0.0833333,1,0,8,0,3,1
5115,0.655,0.639167,0.141796,1,0,9,0,4,1
4727,0.643333,0.727083,0.139929,2,0,9,0,5,1
4484,0.669167,0.716667,0.185325,1,0,9,0,6,0
4940,0.709167,0.742083,0.206467,1,0,9,0,0,0
3351,0.673333,0.790417,0.212696,2,0,9,1,1,0
2710,0.54,0.886957,0.343943,3,0,9,0,2,1
1996,0.599167,0.917083,0.0970208,3,0,9,0,3,1
1842,0.633913,0.939565,0.192748,3,0,9,0,4,1
3544,0.65,0.897917,0.124379,2,0,9,0,5,1
5345,0.66,0.75375,0.153608,1,0,9,0,6,0
5046,0.653333,0.71375,0.115054,1,0,9,0,0,0
4713,0.644348,0.692174,0.088913,1,0,9,0,1,1
4763,0.650833,0.7125,0.141804,1,0,9,0,2,1
4785,0.673333,0.697083,0.1673,1,0,9,0,3,1
3659,0.5775,0.709167,0.271146,2,0,9,0,4,1
4760,0.469167,0.590417,0.164183,2,0,9,0,5,1
4511,0.491667,0.718333,0.189675,2,0,9,0,6,0
4274,0.5075,0.695,0.178483,1,0,9,0,0,0
4539,0.549167,0.69,0.151742,2,0,9,0,1,1
3641,0.561667,0.88125,0.134954,2,0,9,0,2,1
4352,0.595,0.9,0.0964042,2,0,9,0,3,1
4795,0.628333,0.902083,0.128125,2,0,9,0,4,1
2395,0.609167,0.9725,0.0783667,2,0,9,0,5,1
5423,0.606667,0.8625,0.0783833,2,0,9,0,6,0
5010,0.634167,0.845,0.0503792,2,0,9,0,0,0
4630,0.649167,0.848333,0.1107,2,0,9,0,1,1
4120,0.636667,0.885417,0.118171,2,0,9,0,2,1
3907,0.635,0.84875,0.148629,2,0,9,0,3,1
4839,0.616667,0.699167,0.172883,1,0,9,0,4,1
5202,0.564167,0.6475,0.206475,1,0,9,0,5,1
2429,0.41,0.75375,0.292296,2,0,10,0,6,0
2918,0.356667,0.791667,0.222013,2,0,10,0,0,0
3570,0.384167,0.760833,0.0833458,2,0,10,0,1,1
4456,0.484167,0.71,0.205854,1,0,10,0,2,1
4826,0.538333,0.647917,0.17725,1,0,10,0,3,1
4765,0.494167,0.620833,0.134954,1,0,10,0,4,1
4985,0.510833,0.684167,0.0223917,1,0,10,0,5,1
5409,0.521667,0.70125,0.0454042,1,0,10,0,6,0
5511,0.540833,0.7275,0.06345,1,0,10,0,0,0
5117,0.570833,0.73375,0.0423042,1,0,10,1,1,0
4563,0.566667,0.80875,0.143042,2,0,10,0,2,1
2416,0.543333,0.90625,0.24815,3,0,10,0,3,1
2913,0.589167,0.896667,0.141787,2,0,10,0,4,1
3644,0.550833,0.71625,0.223883,2,0,10,0,5,1
5217,0.506667,0.483333,0.258083,1,0,10,0,6,0
5041,0.511667,0.486667,0.281717,1,0,10,0,0,0
4570,0.534167,0.579583,0.175379,1,0,10,0,1,1
4748,0.5325,0.701667,0.110087,2,0,10,0,2,1
2424,0.541739,0.895217,0.243339,3,0,10,0,3,1
4195,0.475833,0.63625,0.422275,1,0,10,0,4,1
4304,0.4275,0.574167,0.221396,1,0,10,0,5,1
4308,0.4225,0.629167,0.0926667,1,0,10,0,6,0
4381,0.421667,0.74125,0.0995125,1,0,10,0,0,0
4187,0.463333,0.772083,0.118792,1,0,10,0,1,1
4687,0.471667,0.622917,0.166658,1,0,10,0,2,1
3894,0.484167,0.720417,0.148642,2,0,10,0,3,1
2659,0.47,0.812917,0.197763,2,0,10,0,4,1
3747,0.330833,0.585833,0.229479,2,0,10,0,5,1
627,0.254167,0.8825,0.351371,3,0,10,0,6,0
3331,0.319167,0.62375,0.176617,1,0,10,0,0,0
3669,0.34,0.703333,0.10635,1,0,10,0,1,1
4068,0.400833,0.68375,0.135571,1,0,11,0,2,1
4186,0.3775,0.71875,0.0820917,1,0,11,0,3,1
3974,0.408333,0.702083,0.136817,1,0,11,0,4,1
4046,0.403333,0.6225,0.271779,2,0,11,0,5,1
3926,0.326667,0.519167,0.189062,1,0,11,0,6,0
3649,0.348333,0.734583,0.0920542,1,0,11,0,0,0
4035,0.395,0.75875,0.057225,1,0,11,0,1,1
4205,0.408333,0.721667,0.0690375,1,0,11,0,2,1
4109,0.4,0.758333,0.0621958,1,0,11,0,3,1
2933,0.38,0.813333,0.189067,2,0,11,0,4,1
3368,0.324167,0.44625,0.314675,1,0,11,1,5,0
4067,0.356667,0.552917,0.212062,1,0,11,0,6,0
3717,0.440833,0.458333,0.281721,1,0,11,0,0,0
4486,0.53,0.587083,0.306596,1,0,11,0,1,1
4195,0.53,0.68875,0.199633,2,0,11,0,2,1
1817,0.456667,0.93,0.136829,3,0,11,0,3,1
3053,0.341667,0.575833,0.305362,2,0,11,0,4,1
3392,0.274167,0.41,0.168533,1,0,11,0,5,1
3663,0.329167,0.502083,0.224496,1,0,11,0,6,0
3520,0.463333,0.684583,0.18595,2,0,11,0,0,0
2765,0.4475,0.91,0.138054,3,0,11,0,1,1
1607,0.416667,0.9625,0.118792,3,0,11,0,2,1
2566,0.440833,0.757917,0.335825,2,0,11,0,3,1
1495,0.373333,0.549167,0.167304,1,0,11,1,4,0
2792,0.375,0.64375,0.0988958,1,0,11,0,5,1
3068,0.375833,0.681667,0.0684208,1,0,11,0,6,0
3071,0.459167,0.698333,0.208954,1,0,11,0,0,0
3867,0.503478,0.743043,0.142122,1,0,11,0,1,1
2914,0.458333,0.830833,0.258092,2,0,11,0,2,1
3613,0.325,0.613333,0.271158,1,0,11,0,3,1
3727,0.3125,0.524583,0.220158,1,0,12,0,4,1
3940,0.314167,0.625833,0.100754,1,0,12,0,5,1
3614,0.299167,0.612917,0.0957833,1,0,12,0,6,0
3485,0.330833,0.775833,0.0839583,1,0,12,0,0,0
3811,0.385833,0.827083,0.0622083,2,0,12,0,1,1
2594,0.4625,0.949583,0.232583,3,0,12,0,2,1
705,0.41,0.970417,0.266175,3,0,12,0,3,1
3322,0.265833,0.58,0.240058,1,0,12,0,4,1
3620,0.290833,0.695833,0.0827167,1,0,12,0,5,1
3190,0.275,0.5075,0.233221,1,0,12,0,6,0
2743,0.220833,0.49,0.0665417,1,0,12,0,0,0
3310,0.238333,0.670833,0.06345,1,0,12,0,1,1
3523,0.2825,0.59,0.14055,1,0,12,0,2,1
3740,0.3175,0.66375,0.0609583,2,0,12,0,3,1
3709,0.4225,0.634167,0.268042,2,0,12,0,4,1
3577,0.375,0.500417,0.260575,2,0,12,0,5,1
2739,0.258333,0.560833,0.243167,2,0,12,0,6,0
2431,0.238333,0.58625,0.169779,1,0,12,0,0,0
3403,0.276667,0.6375,0.172896,1,0,12,0,1,1
3750,0.385833,0.595417,0.0615708,2,0,12,0,2,1
2660,0.428333,0.858333,0.2214,2,0,12,0,3,1
3068,0.423333,0.7575,0.047275,2,0,12,0,4,1
2209,0.373333,0.68625,0.274246,1,0,12,0,5,1
1011,0.3025,0.5425,0.190304,1,0,12,0,6,0
754,0.274783,0.681304,0.155091,1,0,12,0,0,0
1317,0.321739,0.506957,0.239465,1,0,12,1,1,0
1162,0.325,0.7625,0.18845,2,0,12,0,2,1
2302,0.29913,0.503913,0.293961,1,0,12,0,3,1
2423,0.248333,0.574167,0.119412,1,0,12,0,4,1
2999,0.311667,0.636667,0.134337,1,0,12,0,5,1
2485,0.41,0.615833,0.220154,1,0,12,0,6,0
2294,0.37,0.6925,0.192167,1,1,1,0,0,0
1951,0.273043,0.381304,0.329665,1,1,1,1,1,0
2236,0.15,0.44125,0.365671,1,1,1,0,2,1
2368,0.1075,0.414583,0.1847,2,1,1,0,3,1
3272,0.265833,0.524167,0.129987,1,1,1,0,4,1
4098,0.334167,0.542083,0.167908,1,1,1,0,5,1
4521,0.393333,0.531667,0.174758,1,1,1,0,6,0
3425,0.3375,0.465,0.191542,1,1,1,0,0,0
2376,0.224167,0.701667,0.0989,2,1,1,0,1,1
3598,0.308696,0.646522,0.187552,1,1,1,0,2,1
2177,0.274167,0.8475,0.131221,2,1,1,0,3,1
4097,0.3825,0.802917,0.180967,2,1,1,0,4,1
3214,0.274167,0.5075,0.378108,1,1,1,0,5,1
2493,0.18,0.4575,0.187183,1,1,1,0,6,0
2311,0.166667,0.419167,0.251258,1,1,1,0,0,0
2298,0.19,0.5225,0.231358,1,1,1,1,1,0
2935,0.373043,0.716087,0.34913,2,1,1,0,2,1
3376,0.303333,0.443333,0.415429,1,1,1,0,3,1
3292,0.19,0.4975,0.220158,1,1,1,0,4,1
3163,0.2175,0.45,0.20275,2,1,1,0,5,1
1301,0.173333,0.83125,0.222642,2,1,1,0,6,0
1977,0.1625,0.79625,0.199638,2,1,1,0,0,0
2432,0.218333,0.91125,0.110708,2,1,1,0,1,1
4339,0.3425,0.835833,0.123767,1,1,1,0,2,1
4270,0.294167,0.64375,0.161071,1,1,1,0,3,1
4075,0.341667,0.769583,0.0733958,2,1,1,0,4,1
3456,0.425,0.74125,0.342667,2,1,1,0,5,1
4023,0.315833,0.543333,0.210829,1,1,1,0,6,0
3243,0.2825,0.31125,0.24005,1,1,1,0,0,0
3624,0.269167,0.400833,0.215792,1,1,1,0,1,1
4509,0.39,0.416667,0.261817,1,1,1,0,2,1
4579,0.469167,0.507917,0.189067,1,1,2,0,3,1
3761,0.399167,0.672917,0.187187,2,1,2,0,4,1
4151,0.313333,0.526667,0.178496,1,1,2,0,5,1
2832,0.264167,0.779583,0.121896,2,1,2,0,6,0
2947,0.265833,0.687917,0.175996,2,1,2,0,0,0
3784,0.282609,0.622174,0.1538,1,1,2,0,1,1
4375,0.354167,0.49625,0.147379,1,1,2,0,2,1
2802,0.256667,0.722917,0.133721,2,1,2,0,3,1
3830,0.265,0.562083,0.194037,1,1,2,0,4,1
3831,0.280833,0.54,0.116929,2,1,2,0,5,1
2169,0.224167,0.73125,0.289796,3,1,2,0,6,0
1529,0.1275,0.464583,0.409212,1,1,2,0,0,0
3422,0.2225,0.41125,0.167283,1,1,2,0,1,1
3922,0.319167,0.50875,0.141179,2,1,2,0,2,1
4169,0.348333,0.53125,0.1816,1,1,2,0,3,1
3005,0.316667,0.752917,0.091425,2,1,2,0,4,1
4154,0.343333,0.634583,0.205846,1,1,2,0,5,1
4318,0.346667,0.534583,0.190929,1,1,2,0,6,0
2689,0.28,0.515833,0.253112,2,1,2,0,0,0
3129,0.28,0.507826,0.229083,1,1,2,1,1,0
3777,0.287826,0.594348,0.205717,1,1,2,0,2,1
4773,0.395833,0.567917,0.234471,1,1,2,0,3,1
5062,0.454167,0.554583,0.190913,1,1,2,0,4,1
3487,0.4075,0.7375,0.237567,2,1,2,0,5,1
2732,0.290833,0.395833,0.421642,1,1,2,0,6,0
3389,0.279167,0.41,0.205229,1,1,2,0,0,0
4322,0.366667,0.490833,0.268033,1,1,2,0,1,1
4363,0.359167,0.395833,0.193417,1,1,2,0,2,1
1834,0.344348,0.804783,0.179117,2,1,2,0,3,1
4990,0.485833,0.615417,0.226987,1,1,3,0,4,1
3194,0.353333,0.657083,0.144904,2,1,3,0,5,1
4066,0.414167,0.62125,0.161079,2,1,3,0,6,0
3423,0.325833,0.403333,0.334571,1,1,3,0,0,0
3333,0.243333,0.50625,0.228858,1,1,3,0,1,1
3956,0.258333,0.456667,0.200875,1,1,3,0,2,1
4916,0.404167,0.513333,0.345779,1,1,3,0,3,1
5382,0.5275,0.5675,0.441563,1,1,3,0,4,1
4569,0.410833,0.407083,0.4148,2,1,3,0,5,1
4118,0.2875,0.350417,0.22575,1,1,3,0,6,0
4911,0.361739,0.476957,0.222587,1,1,3,0,0,0
5298,0.466667,0.489167,0.207713,1,1,3,0,1,1
5847,0.565,0.6175,0.23695,1,1,3,0,2,1
6312,0.5725,0.507083,0.115062,1,1,3,0,3,1
6192,0.5575,0.579583,0.149883,1,1,3,0,4,1
4378,0.435833,0.842083,0.113192,2,1,3,0,5,1
7836,0.514167,0.755833,0.110704,2,1,3,0,6,0
5892,0.4725,0.81,0.126883,2,1,3,0,0,0
6153,0.545,0.72875,0.162317,1,1,3,0,1,1
6093,0.560833,0.807917,0.121271,1,1,3,0,2,1
6230,0.531667,0.82125,0.0895583,2,1,3,0,3,1
6871,0.554167,0.83125,0.117562,1,1,3,0,4,1
8362,0.601667,0.694167,0.1163,2,1,3,0,5,1
3372,0.5025,0.885417,0.192783,2,1,3,0,6,0
4996,0.4375,0.880833,0.220775,2,1,3,0,0,0
5558,0.445833,0.477917,0.386821,1,1,3,0,1,1
5102,0.323333,0.29,0.187192,1,1,3,0,2,1
5698,0.484167,0.48125,0.291671,1,1,3,0,3,1
6133,0.494167,0.439167,0.31965,1,1,3,0,4,1
5459,0.37,0.580833,0.138067,2,1,3,0,5,1
6235,0.424167,0.738333,0.250617,2,1,3,0,6,0
6041,0.425833,0.67625,0.172267,2,1,4,0,0,0
5936,0.433913,0.504348,0.312139,1,1,4,0,1,1
6772,0.466667,0.396667,0.100133,1,1,4,0,2,1
6436,0.541667,0.469583,0.180975,1,1,4,0,3,1
6457,0.435,0.374167,0.219529,1,1,4,0,4,1
6460,0.403333,0.377083,0.300388,1,1,4,0,5,1
6857,0.4375,0.254167,0.274871,1,1,4,0,6,0
5169,0.5,0.275833,0.232596,1,1,4,0,0,0
5585,0.489167,0.3175,0.358196,1,1,4,0,1,1
5918,0.446667,0.435,0.249375,1,1,4,0,2,1
4862,0.348696,0.469565,0.295274,1,1,4,0,3,1
5409,0.3975,0.46625,0.290429,1,1,4,0,4,1
6398,0.4425,0.408333,0.155471,1,1,4,0,5,1
7460,0.495,0.502917,0.190917,1,1,4,0,6,0
7132,0.606667,0.507917,0.225129,1,1,4,0,0,0
6370,0.664167,0.561667,0.284829,1,1,4,1,1,0
6691,0.608333,0.390417,0.273629,1,1,4,0,2,1
4367,0.463333,0.569167,0.167912,2,1,4,0,3,1
6565,0.498333,0.6125,0.0659292,1,1,4,0,4,1
7290,0.526667,0.694583,0.149871,1,1,4,0,5,1
6624,0.57,0.682917,0.283587,1,1,4,0,6,0
1027,0.396667,0.835417,0.344546,3,1,4,0,0,0
3214,0.321667,0.766667,0.303496,2,1,4,0,1,1
5633,0.413333,0.454167,0.249383,1,1,4,0,2,1
6196,0.476667,0.427917,0.118792,1,1,4,0,3,1
5026,0.498333,0.756667,0.176625,2,1,4,0,4,1
6233,0.4575,0.400833,0.347633,1,1,4,0,5,1
4220,0.376667,0.489583,0.129975,2,1,4,0,6,0
6304,0.458333,0.587083,0.116908,1,1,4,0,0,0
5572,0.464167,0.57,0.171638,2,1,4,0,1,1
5740,0.613333,0.659583,0.156096,2,1,5,0,2,1
6169,0.564167,0.797083,0.138058,1,1,5,0,3,1
6421,0.56,0.768333,0.133696,2,1,5,0,4,1
6296,0.6275,0.735417,0.162938,1,1,5,0,5,1
6883,0.621667,0.756667,0.152992,2,1,5,0,6,0
6359,0.5625,0.74,0.149879,2,1,5,0,0,0
6273,0.5375,0.664167,0.230721,2,1,5,0,1,1
5728,0.581667,0.685833,0.296029,2,1,5,0,2,1
4717,0.575,0.744167,0.216412,2,1,5,0,3,1
6572,0.505833,0.552083,0.314063,1,1,5,0,4,1
7030,0.533333,0.360417,0.236937,1,1,5,0,5,1
7429,0.564167,0.480417,0.123133,1,1,5,0,6,0
6118,0.6125,0.57625,0.225117,1,1,5,0,0,0
2843,0.573333,0.789583,0.212692,2,1,5,0,1,1
5115,0.611667,0.794583,0.147392,2,1,5,0,2,1
7424,0.636667,0.697917,0.122512,1,1,5,0,3,1
7384,0.593333,0.52,0.229475,1,1,5,0,4,1
7639,0.564167,0.523333,0.136817,1,1,5,0,5,1
8294,0.6,0.45625,0.083975,1,1,5,0,6,0
7129,0.620833,0.530417,0.254367,1,1,5,0,0,0
4359,0.598333,0.81125,0.233204,2,1,5,0,1,1
6073,0.615,0.765833,0.118167,2,1,5,0,2,1
5260,0.621667,0.774583,0.102,2,1,5,0,3,1
6770,0.655,0.716667,0.172896,1,1,5,0,4,1
6734,0.68,0.747083,0.14055,1,1,5,0,5,1
6536,0.6925,0.7325,0.198992,1,1,5,0,6,0
6591,0.69,0.697083,0.215171,1,1,5,0,0,0
6043,0.7125,0.67625,0.196521,1,1,5,1,1,0
5743,0.7225,0.684583,0.2954,1,1,5,0,2,1
6855,0.656667,0.67,0.134329,2,1,5,0,3,1
7338,0.68,0.492917,0.195279,1,1,5,0,4,1
4127,0.654167,0.755417,0.237563,2,1,6,0,5,1
8120,0.583333,0.549167,0.186562,1,1,6,0,6,0
7641,0.6025,0.493333,0.184087,1,1,6,0,0,0
6998,0.5975,0.487083,0.284833,1,1,6,0,1,1
7001,0.540833,0.613333,0.209575,2,1,6,0,2,1
7055,0.554167,0.61125,0.077125,1,1,6,0,3,1
7494,0.6025,0.567083,0.15735,1,1,6,0,4,1
7736,0.649167,0.467917,0.175383,1,1,6,0,5,1
7498,0.710833,0.437083,0.144287,1,1,6,0,6,0
6598,0.726667,0.538333,0.133721,1,1,6,0,0,0
6664,0.720833,0.587917,0.207713,2,1,6,0,1,1
4972,0.653333,0.833333,0.214546,2,1,6,0,2,1
7421,0.655833,0.582083,0.343279,1,1,6,0,3,1
7363,0.648333,0.569583,0.253733,1,1,6,0,4,1
7665,0.639167,0.589583,0.176617,1,1,6,0,5,1
7702,0.631667,0.504167,0.166667,1,1,6,0,6,0
6978,0.5925,0.59875,0.144904,1,1,6,0,0,0
5099,0.568333,0.777917,0.174746,2,1,6,0,1,1
6825,0.688333,0.69,0.148017,1,1,6,0,2,1
6211,0.7825,0.592083,0.113812,1,1,6,0,3,1
5905,0.805833,0.567917,0.118787,1,1,6,0,4,1
5823,0.7775,0.57375,0.182842,1,1,6,0,5,1
7458,0.731667,0.534583,0.179721,1,1,6,0,6,0
6891,0.743333,0.479167,0.145525,1,1,6,0,0,0
6779,0.715833,0.504167,0.300383,1,1,6,0,1,1
7442,0.630833,0.373333,0.347642,1,1,6,0,2,1
7335,0.6975,0.36,0.271775,1,1,6,0,3,1
6879,0.749167,0.4225,0.17165,1,1,6,0,4,1
5463,0.834167,0.48875,0.165417,1,1,6,0,5,1
5687,0.765,0.60125,0.161071,1,1,6,0,6,0
5531,0.815833,0.51875,0.168529,1,1,7,0,0,0
6227,0.781667,0.447083,0.195267,1,1,7,0,1,1
6660,0.780833,0.492083,0.126237,1,1,7,0,2,1
7403,0.789167,0.53875,0.13495,1,1,7,1,3,0
6241,0.8275,0.457917,0.194029,1,1,7,0,4,1
6207,0.828333,0.450833,0.146142,1,1,7,0,5,1
4840,0.861667,0.492083,0.163554,1,1,7,0,6,0
4672,0.8225,0.57375,0.125629,1,1,7,0,0,0
6569,0.710833,0.683333,0.180975,2,1,7,0,1,1
6290,0.720833,0.6675,0.151737,2,1,7,0,2,1
7264,0.716667,0.633333,0.151733,1,1,7,0,3,1
7446,0.715833,0.529583,0.146775,1,1,7,0,4,1
7499,0.731667,0.485833,0.08085,2,1,7,0,5,1
6969,0.703333,0.699167,0.143679,2,1,7,0,6,0
6031,0.745833,0.717917,0.166667,1,1,7,0,0,0
6830,0.763333,0.645,0.164187,1,1,7,0,1,1
6786,0.818333,0.505833,0.114429,1,1,7,0,2,1
5713,0.793333,0.577083,0.137442,1,1,7,0,3,1
6591,0.77,0.600417,0.165429,1,1,7,0,4,1
5870,0.665833,0.844167,0.208967,2,1,7,0,5,1
4459,0.595833,0.865417,0.2133,3,1,7,0,6,0
7410,0.6675,0.7625,0.0939208,2,1,7,0,0,0
6966,0.741667,0.694167,0.138683,1,1,7,0,1,1
7592,0.750833,0.655,0.211454,1,1,7,0,2,1
8173,0.724167,0.45,0.1648,1,1,7,0,3,1
6861,0.776667,0.596667,0.284813,1,1,7,0,4,1
6904,0.781667,0.594583,0.152992,1,1,7,0,5,1
6685,0.755833,0.613333,0.15735,1,1,7,0,6,0
6597,0.721667,0.62375,0.170396,1,1,7,0,0,0
7105,0.730833,0.66875,0.153617,1,1,7,0,1,1
7216,0.713333,0.704167,0.165425,1,1,7,0,2,1
7580,0.7175,0.6775,0.141179,1,1,8,0,3,1
7261,0.7525,0.659583,0.129354,1,1,8,0,4,1
7175,0.765833,0.6425,0.215792,2,1,8,0,5,1
6824,0.793333,0.613333,0.257458,1,1,8,0,6,0
5464,0.769167,0.6525,0.290421,1,1,8,0,0,0
7013,0.7525,0.654167,0.129354,2,1,8,0,1,1
7273,0.735833,0.70375,0.116908,2,1,8,0,2,1
7534,0.75,0.672917,0.1107,2,1,8,0,3,1
7286,0.755833,0.620417,0.1561,1,1,8,0,4,1
5786,0.715833,0.715833,0.238813,2,1,8,0,5,1
6299,0.6925,0.732917,0.206479,2,1,8,0,6,0
6544,0.700833,0.530417,0.122512,1,1,8,0,0,0
6883,0.720833,0.545417,0.136212,1,1,8,0,1,1
6784,0.726667,0.686667,0.169158,1,1,8,0,2,1
7347,0.706667,0.619583,0.169771,1,1,8,0,3,1
7605,0.719167,0.519167,0.141796,1,1,8,0,4,1
7148,0.723333,0.570833,0.231354,1,1,8,0,5,1
7865,0.678333,0.603333,0.177867,1,1,8,0,6,0
4549,0.635833,0.711667,0.08645,2,1,8,0,0,0
6530,0.635833,0.734167,0.129979,2,1,8,0,1,1
7006,0.649167,0.67375,0.0727708,1,1,8,0,2,1
7375,0.6675,0.677083,0.0702833,1,1,8,0,3,1
7765,0.695833,0.635833,0.0845958,1,1,8,0,4,1
7582,0.7025,0.615,0.0721458,2,1,8,0,5,1
6053,0.661667,0.712917,0.244408,2,1,8,0,6,0
5255,0.653333,0.845833,0.228858,2,1,8,0,0,0
6917,0.703333,0.730417,0.128733,1,1,8,0,1,1
7040,0.728333,0.62,0.190925,1,1,8,0,2,1
7697,0.685,0.552083,0.112562,1,1,8,0,3,1
7713,0.706667,0.590417,0.0771167,1,1,8,0,4,1
7350,0.764167,0.5875,0.168533,1,1,8,0,5,1
6140,0.753333,0.638333,0.113187,2,1,9,0,6,0
5810,0.696667,0.815,0.0640708,2,1,9,0,0,0
6034,0.7075,0.790833,0.151121,1,1,9,1,1,0
6864,0.725833,0.755,0.236321,1,1,9,0,2,1
7112,0.736667,0.74125,0.187808,1,1,9,0,3,1
6203,0.696667,0.810417,0.142421,2,1,9,0,4,1
7504,0.703333,0.73625,0.171646,1,1,9,0,5,1
5976,0.659167,0.799167,0.281104,2,1,9,0,6,0
8227,0.61,0.5475,0.224496,1,1,9,0,0,0
7525,0.583333,0.50375,0.258713,1,1,9,0,1,1
7767,0.5775,0.52,0.0920542,1,1,9,0,2,1
7870,0.599167,0.577083,0.131846,1,1,9,0,3,1
7804,0.6125,0.637083,0.0827208,1,1,9,0,4,1
8009,0.633333,0.6725,0.103863,1,1,9,0,5,1
8714,0.608333,0.501667,0.247521,1,1,9,0,6,0
7333,0.58,0.57,0.0901833,1,1,9,0,0,0
6869,0.580833,0.734583,0.151742,2,1,9,0,1,1
4073,0.623333,0.8725,0.357587,2,1,9,0,2,1
7591,0.5525,0.536667,0.215175,1,1,9,0,3,1
7720,0.546667,0.618333,0.118167,1,1,9,0,4,1
8167,0.599167,0.66875,0.154229,1,1,9,0,5,1
8395,0.65,0.646667,0.283583,1,1,9,0,6,0
7907,0.529167,0.467083,0.223258,1,1,9,0,0,0
7436,0.514167,0.492917,0.142404,1,1,9,0,1,1
7538,0.55,0.57,0.236321,1,1,9,0,2,1
7733,0.635,0.630833,0.2444,1,1,9,0,3,1
7393,0.65,0.690833,0.134342,2,1,9,0,4,1
7415,0.619167,0.69,0.164179,2,1,9,0,5,1
8555,0.5425,0.542917,0.227604,1,1,9,0,6,0
6889,0.526667,0.583333,0.134958,1,1,9,0,0,0
6778,0.520833,0.649167,0.0908042,2,1,10,0,1,1
4639,0.590833,0.871667,0.104475,3,1,10,0,2,1
7572,0.6575,0.79375,0.0665458,2,1,10,0,3,1
7328,0.6575,0.722917,0.117546,2,1,10,0,4,1
8156,0.615,0.6275,0.10635,1,1,10,0,5,1
7965,0.554167,0.664167,0.268025,1,1,10,0,6,0
3510,0.415833,0.708333,0.141162,2,1,10,0,0,0
5478,0.383333,0.709583,0.189679,2,1,10,1,1,0
6392,0.446667,0.761667,0.1903,2,1,10,0,2,1
7691,0.514167,0.630833,0.187821,1,1,10,0,3,1
7570,0.435,0.463333,0.181596,1,1,10,0,4,1
7282,0.4375,0.539167,0.235092,1,1,10,0,5,1
7109,0.393333,0.494583,0.146142,1,1,10,0,6,0
6639,0.521667,0.640417,0.278612,1,1,10,0,0,0
5875,0.561667,0.7075,0.296037,2,1,10,0,1,1
7534,0.468333,0.558333,0.182221,1,1,10,0,2,1
7461,0.455833,0.692917,0.101371,1,1,10,0,3,1
7509,0.5225,0.728333,0.236937,2,1,10,0,4,1
5424,0.563333,0.815,0.134954,2,1,10,0,5,1
8090,0.484167,0.572917,0.117537,1,1,10,0,6,0
6824,0.464167,0.51,0.166054,1,1,10,0,0,0
7058,0.4875,0.568333,0.0814833,1,1,10,0,1,1
7466,0.544167,0.641667,0.0945458,1,1,10,0,2,1
7693,0.5875,0.63625,0.0727792,1,1,10,0,3,1
7359,0.55,0.800417,0.124375,2,1,10,0,4,1
7444,0.545833,0.807083,0.132467,2,1,10,0,5,1
7852,0.53,0.72,0.235692,2,1,10,0,6,0
4459,0.4775,0.694583,0.398008,2,1,10,0,0,0
22,0.44,0.88,0.3582,3,1,10,0,1,1
1096,0.318182,0.825455,0.213009,2,1,10,0,2,1
5566,0.3575,0.666667,0.166667,2,1,10,0,3,1
5986,0.365833,0.581667,0.157346,2,1,11,0,4,1
5847,0.355,0.522083,0.266175,1,1,11,0,5,1
5138,0.343333,0.49125,0.270529,2,1,11,0,6,0
5107,0.325833,0.532917,0.179108,1,1,11,0,0,0
5259,0.319167,0.494167,0.236325,1,1,11,0,1,1
5686,0.280833,0.567083,0.173513,1,1,11,0,2,1
5035,0.295833,0.5475,0.304108,2,1,11,0,3,1
5315,0.352174,0.333478,0.347835,1,1,11,0,4,1
5992,0.361667,0.540833,0.214558,1,1,11,0,5,1
6536,0.389167,0.645417,0.0578458,1,1,11,0,6,0
6852,0.420833,0.659167,0.1275,1,1,11,0,0,0
6269,0.485,0.741667,0.173517,1,1,11,1,1,0
4094,0.343333,0.662917,0.342046,2,1,11,0,2,1
5495,0.289167,0.552083,0.199625,1,1,11,0,3,1
5445,0.321667,0.620417,0.152987,2,1,11,0,4,1
5698,0.345,0.524583,0.171025,1,1,11,0,5,1
5629,0.325,0.545417,0.179729,1,1,11,0,6,0
4669,0.3425,0.692917,0.227612,1,1,11,0,0,0
5499,0.380833,0.623333,0.235067,2,1,11,0,1,1
5634,0.374167,0.685,0.082725,2,1,11,0,2,1
5146,0.353333,0.61375,0.103246,1,1,11,0,3,1
2425,0.34,0.580417,0.0528708,1,1,11,1,4,0
3910,0.368333,0.56875,0.148021,1,1,11,0,5,1
2277,0.278333,0.404583,0.376871,1,1,11,0,6,0
2424,0.245833,0.468333,0.1505,1,1,11,0,0,0
5087,0.313333,0.535417,0.04665,1,1,11,0,1,1
3959,0.291667,0.786667,0.237562,2,1,11,0,2,1
5260,0.296667,0.50625,0.210821,1,1,11,0,3,1
5323,0.28087,0.555652,0.115522,1,1,11,0,4,1
5668,0.298333,0.649583,0.0584708,1,1,11,0,5,1
5191,0.298333,0.806667,0.0597042,2,1,12,0,6,0
4649,0.3475,0.823333,0.124379,2,1,12,0,0,0
6234,0.4525,0.7675,0.0827208,1,1,12,0,1,1
6606,0.475833,0.73375,0.174129,1,1,12,0,2,1
5729,0.438333,0.485,0.324021,1,1,12,0,3,1
5375,0.255833,0.50875,0.174754,1,1,12,0,4,1
5008,0.320833,0.764167,0.1306,2,1,12,0,5,1
5582,0.381667,0.91125,0.101379,2,1,12,0,6,0
3228,0.384167,0.905417,0.157975,2,1,12,0,0,0
5170,0.435833,0.925,0.190308,2,1,12,0,1,1
5501,0.353333,0.596667,0.296037,2,1,12,0,2,1
5319,0.2975,0.538333,0.162937,2,1,12,0,3,1
5532,0.295833,0.485833,0.174129,1,1,12,0,4,1
5611,0.281667,0.642917,0.131229,1,1,12,0,5,1
5047,0.324167,0.650417,0.10635,1,1,12,0,6,0
3786,0.3625,0.83875,0.100742,2,1,12,0,0,0
4585,0.393333,0.907083,0.0982583,2,1,12,0,1,1
5557,0.410833,0.66625,0.221404,1,1,12,0,2,1
5267,0.3325,0.625417,0.184092,1,1,12,0,3,1
4128,0.33,0.667917,0.132463,2,1,12,0,4,1
3623,0.326667,0.556667,0.374383,2,1,12,0,5,1
1749,0.265833,0.44125,0.407346,1,1,12,0,6,0
1787,0.245833,0.515417,0.133083,1,1,12,0,0,0
920,0.231304,0.791304,0.0772304,2,1,12,0,1,1
1013,0.291304,0.734783,0.168726,2,1,12,1,2,0
441,0.243333,0.823333,0.316546,3,1,12,0,3,1
2114,0.254167,0.652917,0.350133,2,1,12,0,4,1
3095,0.253333,0.59,0.155471,2,1,12,0,5,1
1341,0.253333,0.752917,0.124383,2,1,12,0,6,0
1796,0.255833,0.483333,0.350754,1,1,12,0,0,0
2729,0.215833,0.5775,0.154846,2,1,12,0,1,1
