,coefficient,robust_se,p_value,ci_lower,ci_upper
Intercept,1561.8154736728923,251.3395238208947,5.166342589792442e-10,1069.1990590924916,2054.431888253293
C(weathersit)[T.2],-456.04890013471953,80.3131121892289,1.3597112795827888e-08,-613.459707511933,-298.63809275750606
C(weathersit)[T.3],-1981.520673906308,310.84931636083917,1.8351571798089104e-10,-2590.77413859245,-1372.267209220166
C(yr)[T.1],2016.4003873900688,66.37517567880906,1.0458383882882208e-202,1886.3074335920842,2146.4933411880534
C(mnth)[T.2],131.2283273522034,99.84227877597453,0.1887263317907466,-64.45894318311451,326.9155978875213
C(mnth)[T.3],838.6858494912287,144.2591075261484,6.108998545314588e-09,555.9431942980868,1121.4285046843706
C(mnth)[T.4],1321.4447370620062,168.37841345766932,4.225051598920807e-15,991.42911091098,1651.4603632130325
C(mnth)[T.5],1546.7591133457247,212.96327053535123,3.7850749344019187e-13,1129.3587730665763,1964.159453624873
C(mnth)[T.6],1285.5543414861863,267.56972554904803,1.5509351841327235e-06,761.1273160567855,1809.9813669155872
C(mnth)[T.7],751.9750815031379,300.92576471706013,0.01245891698346185,162.1714206375259,1341.7787423687498
C(mnth)[T.8],1150.1175542640842,270.73924489017446,2.1562610544891775e-05,619.4783850777724,1680.756723450396
C(mnth)[T.9],1939.9776360332144,234.02816859833882,1.1372088976005426e-16,1481.2908542126027,2398.6644178538263
C(mnth)[T.10],2046.4922698964979,211.0868696345424,3.165632065048116e-22,1632.7696078034933,2460.2149319895025
C(mnth)[T.11],1443.2020045027502,155.8587539520626,2.0504804876927592e-20,1137.7244600814176,1748.6795489240828
C(mnth)[T.12],905.8915042003987,179.89024652500106,4.758544380342937e-07,553.313099841365,1258.4699085594325
C(weekday)[T.1],-502.9561718745274,291.41431232475225,0.0843628051372864,-1074.1177286105485,68.20538486149383
C(weekday)[T.2],-421.3582683228352,331.2285250824275,0.20333495106207622,-1070.5542481367152,227.83771149104462
C(weekday)[T.3],-360.6290975361148,319.73492859917957,0.2593620593429734,-987.2980421899924,266.0398471177629
C(weekday)[T.4],-349.0381087913756,334.1249779249438,0.29619244070304374,-1003.911031859506,305.8348142767548
C(weekday)[T.5],-319.79947792578434,316.08737190248536,0.31166050811687795,-939.3193428225735,299.7203869710048
C(weekday)[T.6],429.81727742348687,131.56631528246774,0.001087225002978708,171.95203789120836,687.6825169557653
C(workingday)[T.1],738.501709559104,301.5094120304428,0.01431147918085189,147.55412097958845,1329.4492981386197
temp,4629.9234772135915,530.5433147014202,2.6207547607578384e-18,3590.077688160308,5669.769266266875
hum,-1477.5290160578982,329.38495729034196,7.2667784258893545e-06,-2123.111669396232,-831.946362719564
windspeed,-3286.6508198466845,501.51524049304174,5.622594300681736e-11,-4269.6026289109905,-2303.699010782379
